"Algorithm","Hash","Path"
"SHA256","C842544F57A82CD87F91A23E0103B89126A237D487B29C5260244FDCDBEFE229","C:\Users\User\Desktop\dev\dev-ops\app\assets\favicon.ico"
"SHA256","FCBDF0007DF60A74EAEDCB0BBEEC69BD70F735B9AEA6046A9805744EEB9C45BD","C:\Users\User\Desktop\dev\dev-ops\app\assets\images\nodegoat_logo.png"
"SHA256","9D0682B5E4EACB1CB7A47123FDDC0CF89DFDC16D545670A96615FB70E5A5D63A","C:\Users\User\Desktop\dev\dev-ops\app\assets\images\owasplogo.png"
"SHA256","AE9F557FC7E18762BF88050636C1A36DAB790E8D1AF9E800F81255FF4346DB34","C:\Users\User\Desktop\dev\dev-ops\app\assets\js\chart\chart-data-morris.js"
"SHA256","BD213F2EA5D11FB49E99C2893E33B5B2A3031E262B21BED2D42DFBD17B4B2C10","C:\Users\User\Desktop\dev\dev-ops\app\assets\js\tour\redirects-steps.js"
"SHA256","506A7112521D1076C42B23033A6F6E5F021D230C44C865EFC1890A2B9BBEB88A","C:\Users\User\Desktop\dev\dev-ops\app\assets\vendor\html5shiv.js"
"SHA256","FA411409E767595B83BF12F7204D69A856031EC9466998358316F6CBBFEDD8A6","C:\Users\User\Desktop\dev\dev-ops\app\assets\vendor\jquery.min.js"
"SHA256","E9477CD074C696B0798CE0E9B31823A1E46011D16417390C0021FFB2F48318F1","C:\Users\User\Desktop\dev\dev-ops\app\assets\vendor\bootstrap\bootstrap-tour.css"
"SHA256","0FA4F4FF8B172371DB583766E2CEC4134C7790117C57D953E0D559F95167F6AA","C:\Users\User\Desktop\dev\dev-ops\app\assets\vendor\bootstrap\bootstrap-tour.js"
"SHA256","55B23F000154F239908AB7CF643E8C4F0D234827B34686AD97F28DA739CB0C26","C:\Users\User\Desktop\dev\dev-ops\app\assets\vendor\bootstrap\bootstrap.css"
"SHA256","9F47B0ABCA08CEFAA1C60F03F5FBFEEAD8FBE6FB86DA0D4CFF14A1186EC1A5AE","C:\Users\User\Desktop\dev\dev-ops\app\assets\vendor\bootstrap\bootstrap.js"
"SHA256","E8D58C1EE4CC62BB70E65E324677B8B1D3D74F804F4F1B255309F2CDE2DF4C90","C:\Users\User\Desktop\dev\dev-ops\app\assets\vendor\chart\morris-0.4.3.min.js"
"SHA256","A3BC37AAA6A1075D5B8EA9E0CA150E6B4A562409CEF6F3B433B987810361603E","C:\Users\User\Desktop\dev\dev-ops\app\assets\vendor\chart\raphael-min.js"
"SHA256","AA67289EEAEB21766BE489338EE8DCB9DD65C4868188E19D2C85F882D33ACEE3","C:\Users\User\Desktop\dev\dev-ops\app\assets\vendor\theme\sb-admin.css"
"SHA256","F55D1414B98BA4CC8E9F7418C548D32F5543449BA59A7E4F5E97D259806E4F11","C:\Users\User\Desktop\dev\dev-ops\app\assets\vendor\theme\font-awesome\css\font-awesome.min.css"
"SHA256","5300DC5D13785B78D1B53CC98747A7844181358254BD96CB2DB5FA65A7AD0A69","C:\Users\User\Desktop\dev\dev-ops\app\assets\vendor\theme\font-awesome\fonts\fontawesome-webfont.eot"
"SHA256","F194941DEC1FB2F416DA58041446D9AA3870C8893B0A207E614A25E104D43437","C:\Users\User\Desktop\dev\dev-ops\app\assets\vendor\theme\font-awesome\fonts\fontawesome-webfont.svg"
"SHA256","6BDBB720DF9B9AC46DE3C2CA89DD6016DE8EA4BEC7503DD59F9CAD2A2277C128","C:\Users\User\Desktop\dev\dev-ops\app\assets\vendor\theme\font-awesome\fonts\fontawesome-webfont.ttf"
"SHA256","C151A7E68AEDC7BD4D84CB2096E92EE2F055C16BE01C2BA027ACD38B6CC9D52A","C:\Users\User\Desktop\dev\dev-ops\app\assets\vendor\theme\font-awesome\fonts\fontawesome-webfont.woff"
"SHA256","A9A9B2E0871EAAE84B6BC604BB85AA3DE0F7A6A9D38836754A441489289ED2FA","C:\Users\User\Desktop\dev\dev-ops\app\assets\vendor\theme\font-awesome\fonts\FontAwesome.otf"
"SHA256","47720CA5EE94E13D32A44789A21B20AA0211EBFABF5C9C86710496C7864EC7EA","C:\Users\User\Desktop\dev\dev-ops\app\data\allocations-dao.js"
"SHA256","C8C9B4C4B7B87BC9B823F65B8A90631D84B5A1D14A961040A2882B931F5BB68B","C:\Users\User\Desktop\dev\dev-ops\app\data\benefits-dao.js"
"SHA256","A7714B64E3662510BB2251A3544721CB31462AB505C68FA7637A8857D38E07B7","C:\Users\User\Desktop\dev\dev-ops\app\data\contributions-dao.js"
"SHA256","B4AE45AE3DD3B7EF0FCB523C8C922E47C076C92A4EC72669B3DDD4CFDB31C4C9","C:\Users\User\Desktop\dev\dev-ops\app\data\memos-dao.js"
"SHA256","C23FC11563A4B8B540A677561F7DDE0D436FAA9BE2E6E6EE4EC131CF9CF2ADB0","C:\Users\User\Desktop\dev\dev-ops\app\data\profile-dao.js"
"SHA256","53B538A248C6C70F3A715F72F02AE5A8F42360FC86A927EE10E30267BA5D23E8","C:\Users\User\Desktop\dev\dev-ops\app\data\research-dao.js"
"SHA256","E05F6CEA8C959437C560E26027CEE1A31D614D7E4E98F86723FB82A773F62999","C:\Users\User\Desktop\dev\dev-ops\app\data\user-dao.js"
"SHA256","37ED1AA4C86C93822A25D48F62E79E73D0129C55E33C5C4D574F149B7EB59C65","C:\Users\User\Desktop\dev\dev-ops\app\routes\allocations.js"
"SHA256","DC790B0B967D16750E75F8963061998A377A23351E88C2D2B8528A61E90C9E24","C:\Users\User\Desktop\dev\dev-ops\app\routes\benefits.js"
"SHA256","B853F222F4958752C3DE7DE4EDC4B7FDCA78B1173675E26CBCFDEE64BEF2D02B","C:\Users\User\Desktop\dev\dev-ops\app\routes\contributions.js"
"SHA256","4DE508EC5852A988117414840C025431B2A6E3ED97D090B2924A4FF7A3A857E4","C:\Users\User\Desktop\dev\dev-ops\app\routes\error.js"
"SHA256","149EBC1E7E78E40AE3DA739F44AE9D5C84D672826A652D822EC6BA33AAE96D96","C:\Users\User\Desktop\dev\dev-ops\app\routes\index.js"
"SHA256","CA4801B4BC701499EE1A0312FA5F2E87EC396AA2B5C9650557E4C5EBEB90E329","C:\Users\User\Desktop\dev\dev-ops\app\routes\memos.js"
"SHA256","DC19D0B009A27AE2565CA469B62A4C0BC5682FC67CE904F2DABF0376015B29A5","C:\Users\User\Desktop\dev\dev-ops\app\routes\profile.js"
"SHA256","F1B8763F59EB14EB3E3B68158028C25F039A5303FDC00D2BA5D42153F1F6E684","C:\Users\User\Desktop\dev\dev-ops\app\routes\research.js"
"SHA256","1454B846D63DCD98CBD92364A5BE23B4031C2FB4CAA520AB731DDE973BD06A4E","C:\Users\User\Desktop\dev\dev-ops\app\routes\session.js"
"SHA256","22AC7D20CB6824973EF5C8D7E378AE05E167C9447BC69A98820D8F93EC87EB6D","C:\Users\User\Desktop\dev\dev-ops\app\routes\tutorial.js"
"SHA256","13FA3F8BEE934C907C13B36F899CC06ED9956ACB6BC7B5432AE18AB3C96B53A7","C:\Users\User\Desktop\dev\dev-ops\app\views\allocations.html"
"SHA256","BA069205CCD8F6397D6138EA58BF8777659D96ED2B0353A053321425F311F70D","C:\Users\User\Desktop\dev\dev-ops\app\views\benefits.html"
"SHA256","5E1CE060E896362D9619B0298746676A2586C0458E1349A90FC45295D18E7C69","C:\Users\User\Desktop\dev\dev-ops\app\views\contributions.html"
"SHA256","928BA9B97A54D2B9A10B5EC6280F1BDD3DE7AAFC288C6728204B2EFFB5C6326E","C:\Users\User\Desktop\dev\dev-ops\app\views\dashboard.html"
"SHA256","E4049A5A37DF1087D5760D5538149AE150406C82CFDF57B64005F9B062435C9B","C:\Users\User\Desktop\dev\dev-ops\app\views\error-template.html"
"SHA256","A923DD9E9D537B16843FF9F4FA983F031DB3B01CD348C70DCDBE90D0408F22B9","C:\Users\User\Desktop\dev\dev-ops\app\views\layout.html"
"SHA256","62BB595D118F6149A19550F5F1C93ADA17A0592C68ADB857879245EEB630369C","C:\Users\User\Desktop\dev\dev-ops\app\views\login.html"
"SHA256","593BDFDAD933E02E8902A5427B992E87BE6EE7AFCB2134735BA3682FFFF5CD33","C:\Users\User\Desktop\dev\dev-ops\app\views\memos.html"
"SHA256","C7EF00B9F0F7AC3C2E73620944D5B3A9123C6F5216202DCB75F7C23F936308F1","C:\Users\User\Desktop\dev\dev-ops\app\views\profile.html"
"SHA256","5289CE7BB76A7E34E0CC686B239DE971633E5B60D9DFD8067088EE538ED48DAC","C:\Users\User\Desktop\dev\dev-ops\app\views\research.html"
"SHA256","FF9845A3D966315A85DCADFB573472E562AD7B42CD991D1892E2790C6AE39B9C","C:\Users\User\Desktop\dev\dev-ops\app\views\signup.html"
"SHA256","EC9A16D5907FD88B69EA8FF98D91C9D33E9D0F7466F14A965C51418CD591EE36","C:\Users\User\Desktop\dev\dev-ops\app\views\tutorial\a1.html"
"SHA256","351600F56244E99A3C2E992633DA6B274611037385C270E2559EB30A0837F6B4","C:\Users\User\Desktop\dev\dev-ops\app\views\tutorial\a10.html"
"SHA256","1F6470EAA76CB518485B7BECFBEF0DD848AC4DC464192D94C4CC13F9BBF3BDA9","C:\Users\User\Desktop\dev\dev-ops\app\views\tutorial\a2.html"
"SHA256","AAB3E410CF0D31A9B85A121148CFA52582F6EB127CB15B240D024C21DA29339F","C:\Users\User\Desktop\dev\dev-ops\app\views\tutorial\a3.html"
"SHA256","E32586D248A91AA371614563172EEAAD78F69AC7B644F08D009AA3EC3698F2E0","C:\Users\User\Desktop\dev\dev-ops\app\views\tutorial\a4.html"
"SHA256","BBAE62DF732E721801D6A660D097DAC8A2C42DD736B014CE268757982F269BFE","C:\Users\User\Desktop\dev\dev-ops\app\views\tutorial\a5.html"
"SHA256","D128273399DD834D56EABA48BA119B1CA4BC2240A666270F9C99D71DBA6A757E","C:\Users\User\Desktop\dev\dev-ops\app\views\tutorial\a6.html"
"SHA256","9F353EFD08672E88D58C08F7AACA5C394202FDB930ADF50C1483CFDE7EF0670A","C:\Users\User\Desktop\dev\dev-ops\app\views\tutorial\a7.html"
"SHA256","25CEBB0ED7C54DFC4EF5013AC73CCAB9EB2E3DCCC446E02F8B5B06567414771C","C:\Users\User\Desktop\dev\dev-ops\app\views\tutorial\a8.html"
"SHA256","B55FC2E9480CF12A9D48A5B0835CA7700E616188912C0448B1C8D524B1E5EE6B","C:\Users\User\Desktop\dev\dev-ops\app\views\tutorial\a9.html"
"SHA256","FCCFDA3CC517DC8A90C36D450179AE0FAC3FFC65E5EA32F7FB9F28DBEA9459DF","C:\Users\User\Desktop\dev\dev-ops\app\views\tutorial\layout.html"
"SHA256","4529A307276BC66379303DB724923381B958DD2F731315A2708DB1CFE062B453","C:\Users\User\Desktop\dev\dev-ops\app\views\tutorial\redos.html"
"SHA256","3C4860003722B1BDB663A887E02B0E058D285A2046DAD20F0066CF78E0C0BC13","C:\Users\User\Desktop\dev\dev-ops\app\views\tutorial\ssrf.html"
"SHA256","6148AFE2CC44AAD7951D70AA03A687BF33320241130AB0386485AB307E3AFDCA","C:\Users\User\Desktop\dev\dev-ops\config\config.js"
"SHA256","0277AAA42C9343384677192FD0154F4B7713A66670D032ADB7B867B26E40F5DD","C:\Users\User\Desktop\dev\dev-ops\config\env\all.js"
"SHA256","928EA9FA03760F48F039DF50E3CF39F013015A5ABB0DF3384C5B5890E5075CB0","C:\Users\User\Desktop\dev\dev-ops\config\env\development.js"
"SHA256","1F4DF430896CE1C55BD41D901E4824FD11AE8DA0EC7184EA6B426956D68EC97C","C:\Users\User\Desktop\dev\dev-ops\config\env\production.js"
"SHA256","3731287FD68538B00CF33E187B5B23E13850AB3300E21D30F0412F7A03D3C847","C:\Users\User\Desktop\dev\dev-ops\config\env\test.js"
"SHA256","F7001602DB9BAAC7526265618D71909A3B6ED6C0D39C5691510B950406F98796","C:\Users\User\Desktop\dev\dev-ops\server.js"
"SHA256","6ABAE8C413FCD87FC3A8273929F8F242CB29132A5B68F3E95DE06B7E0D962B89","C:\Users\User\Desktop\dev\dev-ops\package.json"
"SHA256","D6CA7E31C3A099D856A631B4F4D0D9EAAACA3D4586D9A5EE1674178B7C48AAEA","C:\Users\User\Desktop\dev\dev-ops\package-lock.json"
"SHA256","DCC4691B181A0C37AAD3D9454B989A123DAB8D9F38C33FBA5A55A4657A6EAF7A","C:\Users\User\Desktop\dev\dev-ops\Dockerfile"
"SHA256","845C3CDCC925559C1612EBA6FA5F89DF7B16108F236A731DEC89DF13010E6152","C:\Users\User\Desktop\dev\dev-ops\docker-compose.yml"
